mese,ORTI_RETRIB,ORTI_ONERI,ORTI_TOTALE,INTUR_RETRIB,INTUR_ONERI,INTUR_TOTALE,TOT_RETRIB,TOT_ONERI,TOT_PERSONALE
1,0.0,0.0,0.0,11466.15,9740.85,21207.0,11466.15,9740.85,21207.0
2,0.0,0.0,0.0,10118.9,9609.57,19728.47,10118.9,9609.57,19728.47
3,13151.17,13726.4,26877.57,6670.66,9709.38,16380.039999999999,19821.83,23435.78,43257.61
4,44771.98,39445.59,84217.57,1440.78,1338.8,2779.58,46212.76,40784.39,86997.15000000001
5,62937.76,52046.24,114984.0,1794.27,1450.79,3245.06,64732.03,53497.03,118229.06
6,69221.4,55788.69,125010.09,6983.14,7375.24,14358.38,76204.54,63163.93,139368.47
7,73079.78,60665.28,133745.06,9433.33,6419.37,15852.699999999999,82513.11,67084.65,149597.76
8,71414.99,56932.98,128347.96999999999,8092.4,6103.13,14195.53,79507.39,63036.11,142543.5
